<?xml version="1.0" encoding="utf-8"?>
<web-app>
	<!--  서블릿 S  -->
	<servlet>
		<servlet-name>BoardList</servlet-name>
		<servlet-class>com.controller.board.ListController</servlet-class>
		<init-param>
			<param-name>test1</param-name>
			<param-value>123</param-value>
		</init-param>
		<init-param>
			<param-name>test2</param-name>
			<param-value>456</param-value>
		</init-param>
	</servlet>
	<servlet>
		<servlet-name>BoardView</servlet-name>
		<servlet-class>com.controller.board.ViewController</servlet-class>
	</servlet>
	<servlet-mapping>
		<servlet-name>BoardList</servlet-name>
		<url-pattern>/board/list</url-pattern>
	</servlet-mapping>
	<servlet-mapping>
		<servlet-name>BoardView</servlet-name>
		<url-pattern>/board/view</url-pattern>
	</servlet-mapping>
	<!-- 서블릿 E -->
	<!--  필터 S  -->
	<filter>
		<filter-name>SiteMain</filter-name>
		<filter-class>com.filter.SiteMain</filter-class>
		<init-param>
			<param-name>filter123</param-name>
			<param-value>123</param-value>
		</init-param>
	</filter>
	<filter>
		<filter-name>SiteMain2</filter-name>
		<filter-class>com.filter.SiteMain2</filter-class>
	</filter>
	<filter-mapping>
		<filter-name>SiteMain</filter-name>
		<url-pattern>/board/list</url-pattern>
	</filter-mapping>
	<filter-mapping>
		<filter-name>SiteMain2</filter-name>
		<url-pattern>/board/view</url-pattern>
	</filter-mapping>
	<!--  필터 E  -->
</web-app>